symbol,identifier,purpose,lastPrice,change,pChange,previousClose,finalQuantity,totalTurnover,marketCap,yearHigh,yearLow,iep,chartTodayPath
HAL,HALEQN,INTERIM DIVIDEND - RS 26 PER SHARE,1375.0,10.450000000000045,0.7658202337767063,1364.55,3469,4769875.0,114072115781.25,1566.0,929.0,1375.0,https://static.nseindia.com/sparklines/today/preOpen_HALEQN.jpg
IDEA,IDEAEQN, ANNUAL GENERAL MEETING,10.6,0.049999999999998934,0.47393364928908943,10.55,526154,5577232.4,84884339814.96,16.8,4.55,10.6,https://static.nseindia.com/sparklines/today/preOpen_IDEAEQN.jpg
ADANIENT,ADANIENTEQN, DIVIDEND - RE 1 PER SHARE,1739.0,8.049999999999955,0.46506253791270424,1730.95,6454,11223506.0,475929065792.21,1908.5,729.5,1739.0,https://static.nseindia.com/sparklines/today/preOpen_ADANIENTEQN.jpg
ALKEM,ALKEMEQN,INTERIM DIVIDEND - RS 30 PER SH,3395.0,14.849999999999909,0.43932961554960304,3380.15,110,373450.0,157617577552.5,4070.0,2540.05,3395.0,https://static.nseindia.com/sparklines/today/preOpen_ALKEMEQN.jpg
HINDCOPPER,HINDCOPPEREQN, ANNUAL GENERAL MEETING/DIVIDEND - RS 0.35 PER SHARE,126.0,0.5,0.398406374501992,125.5,23134,2914884.0,41262914933.4,196.75,75.1,126.0,https://static.nseindia.com/sparklines/today/preOpen_HINDCOPPEREQN.jpg
TORNTPOWER,TORNTPOWEREQN,INTERIM DIVIDEND - RS 9 PER SHARE,480.95,1.75,0.3651919866444074,479.2,3276,1575592.2,80609047012.48,606.55,342.25,480.95,https://static.nseindia.com/sparklines/today/preOpen_TORNTPOWEREQN.jpg
TORNTPHARM,TORNTPHARMEQN,INTERIM DIVIDEND - RS 25 PER SHARE,2600.0,7.550000000000182,0.2912303033809787,2592.45,29,75400.0,127223417734.56,3298.5,2311.1,2600.0,https://static.nseindia.com/sparklines/today/preOpen_TORNTPHARMEQN.jpg
LUPIN,LUPINEQN, DIVIDEND - RS 6.50 PER SHARE,773.85,1.5500000000000682,0.20069921015150438,772.3,6449,4990558.65,185911406994.25,1267.65,748.0,773.85,https://static.nseindia.com/sparklines/today/preOpen_LUPINEQN.jpg
MARICO,MARICOEQN,INTERIM DIVIDEND - RS 6.25 PER SHARE,506.9,0.75,0.14817741776153315,506.15,1834,929654.6,261650389281.28,607.7,379.1,506.9,https://static.nseindia.com/sparklines/today/preOpen_MARICOEQN.jpg
ICICIPRULI,ICICIPRULIEQN, DIVIDEND - RS 2 PER SHARE,518.65,0.75,0.14481560146746478,517.9,4515,2341704.75,200979891723.12,724.3,418.5,518.65,https://static.nseindia.com/sparklines/today/preOpen_ICICIPRULIEQN.jpg
GAIL,GAILEQN,INTERIM DIVIDEND - RS 4 PER SHARE,140.0,0.19999999999998863,0.14306151645206625,139.8,24841,3477740.0,254514000326.55,171.3,125.2,140.0,https://static.nseindia.com/sparklines/today/preOpen_GAILEQN.jpg
UPL,UPLEQN, DIVIDEND - RS 10 PER SHARE,728.0,0.9500000000000455,0.13066501616120563,727.05,3845,2799160.0,399959459125.06,864.7,514.05,728.0,https://static.nseindia.com/sparklines/today/preOpen_UPLEQN.jpg
LT,LTEQN, ANNUAL GENERAL MEETING/DIVIDEND - RS 18 PER SHARE,1870.0,1.2999999999999545,0.06956707871782279,1868.7,5051,9445370.0,2257691898888.89,2078.55,1306.0,1870.0,https://static.nseindia.com/sparklines/today/preOpen_LTEQN.jpg
SUNTV,SUNTVEQN,INTERIM DIVIDEND - RS 2.50 PER SHARE,494.0,0.30000000000001137,0.060765647154144495,493.7,1673,826462.0,48639894223.5,612.0,450.0,494.0,https://static.nseindia.com/sparklines/today/preOpen_SUNTVEQN.jpg
ULTRACEMCO,ULTRACEMCOEQN, ANNUAL GENERAL MEETING/DIVIDEND - RS 37 PER SHARE,7049.0,3.050000000000182,0.04328727850751399,7045.95,912,6428688.0,813567626061.06,8269.0,5970.2,7049.0,https://static.nseindia.com/sparklines/today/preOpen_ULTRACEMCOEQN.jpg
RELIANCE,RELIANCEEQN, DIVIDEND - RS 7 PER SHARE,2444.4,0.900000000000091,0.03683241252302398,2443.5,39215,95857146.0,8426908411074.36,2751.35,1876.7,2444.4,https://static.nseindia.com/sparklines/today/preOpen_RELIANCEEQN.jpg
PEL,PELEQN, DIVIDEND - RS 33 PER SHARE,2242.0,0.75,0.03346346904629113,2241.25,871,1952782.0,299546809870.0,3014.95,1607.1,2242.0,https://static.nseindia.com/sparklines/today/preOpen_PELEQN.jpg
ABBOTINDIA,ABBOTINDIAEQN, ANNUAL GENERAL MEETING/DIVIDEND - RS 120 PER SHARE SPECIAL DIVIDEND 155 PER SHARE,16762.3,0.0,0.0,16762.3,41,687254.3,89046793728.65,23934.45,14228.0,16762.3,https://static.nseindia.com/sparklines/today/preOpen_ABBOTINDIAEQN.jpg
ATUL,ATULEQN, ANNUAL GENERAL MEETING/DIVIDEND - RS 20 PER SHARE,9181.45,0.0,0.0,9181.45,31,284624.95,149408616172.17,10969.0,6355.0,9181.45,https://static.nseindia.com/sparklines/today/preOpen_ATULEQN.jpg
CUB,CUBEQN, ANNUAL GENERAL MEETING/DIVIDEND - RS 0.20 PER SHARE,131.8,0.0,0.0,131.8,2910,383538.0,94525221128.33,189.7,128.7,131.8,https://static.nseindia.com/sparklines/today/preOpen_CUBEQN.jpg
BHEL,BHELEQN, ANNUAL GENERAL MEETING,54.25,0.0,0.0,54.25,65904,3575292.0,69893716693.24,80.35,36.65,54.25,https://static.nseindia.com/sparklines/today/preOpen_BHELEQN.jpg
INDUSTOWER,INDUSTOWEREQN, INTERIM DIVIDEND - RS 17.82 PER SHARE,256.1,0.0,0.0,256.1,2658,680713.8,207052005868.5,332.8,194.1,256.1,https://static.nseindia.com/sparklines/today/preOpen_INDUSTOWEREQN.jpg
HINDPETRO,HINDPETROEQN, DIVIDEND - RS 22.75  PER SHARE,301.3,0.0,0.0,301.3,2723,820439.9,192333877356.83,354.8,222.8,301.3,https://static.nseindia.com/sparklines/today/preOpen_HINDPETROEQN.jpg
IOC,IOCEQN,INTERIM DIVIDEND - RS  4 PER SHARE,121.4,0.0,0.0,121.4,20313,2465998.2,308577301145.32,141.5,86.75,121.4,https://static.nseindia.com/sparklines/today/preOpen_IOCEQN.jpg
GNFC,GNFCEQN, ANNUAL GENERAL MEETING/DIVIDEND - RS 8 PER SHARE,554.05,0.0,0.0,554.05,4062,2250551.1,50804768265.48,577.9,224.3,554.05,https://static.nseindia.com/sparklines/today/preOpen_GNFCEQN.jpg
SUNPHARMA,SUNPHARMAEQN,INTERIM DIVIDEND - RS 7 PER SHARE,862.55,0.0,0.0,862.55,2355,2031305.25,931295870268.08,902.85,562.1,862.55,https://static.nseindia.com/sparklines/today/preOpen_SUNPHARMAEQN.jpg
ITC,ITCEQN,INTERIM DIVIDEND - RS 5.25 PER SHARE,222.65,0.0,0.0,222.65,27601,6145362.65,1947981127767.83,265.3,199.1,222.65,https://static.nseindia.com/sparklines/today/preOpen_ITCEQN.jpg
NTPC,NTPCEQN,INTERIM DIVIDEND - RS 4 PER SHARE,132.75,0.0,0.0,132.75,21431,2844965.25,630743890351.37,152.1,97.0,132.75,https://static.nseindia.com/sparklines/today/preOpen_NTPCEQN.jpg
HDFC,HDFCEQN, DIVIDEND - RS 23 PER SH,2411.8,0.0,0.0,2411.8,14812,35723581.6,4361200449923.4,3021.1,2286.85,2411.8,https://static.nseindia.com/sparklines/today/preOpen_HDFCEQN.jpg
ABCAPITAL,ABCAPITALEQN, ANNUAL GENERAL MEETING,113.3,0.0,0.0,113.3,5093,577036.9,79389070717.2,139.7,96.1,113.3,https://static.nseindia.com/sparklines/today/preOpen_ABCAPITALEQN.jpg
JKCEMENT,JKCEMENTEQN, ANNUAL GENERAL MEETING/DIVIDEND - RS 15 PER SHARE,3043.85,0.0,0.0,3043.85,244,742699.4,98781045638.67,3838.0,2570.0,3043.85,https://static.nseindia.com/sparklines/today/preOpen_JKCEMENTEQN.jpg
BALRAMCHIN,BALRAMCHINEQN,INTERIM DIVIDEND - RS 2.50 PER SHARE,406.55,0.0,0.0,406.55,2214,900101.7,49517790000.0,459.85,157.0,406.55,https://static.nseindia.com/sparklines/today/preOpen_BALRAMCHINEQN.jpg
SIEMENS,SIEMENSEQN,DIVIDEND - RS 8 PER SHARE,2449.75,0.0,0.0,2449.75,1523,3730969.25,218101398671.56,2576.85,1717.8,2449.75,https://static.nseindia.com/sparklines/today/preOpen_SIEMENSEQN.jpg
BAJAJ-AUTO,BAJAJ-AUTOEQN, ANNUAL GENERAL MEETING/DIVIDEND - RS 140 PER SHARE,3597.0,-0.3000000000001819,-0.008339588024356654,3597.3,502,1805694.0,468422991470.7,4347.0,3027.05,3597.0,https://static.nseindia.com/sparklines/today/preOpen_BAJAJ-AUTOEQN.jpg
ICICIGI,ICICIGIEQN, INTERIM DIVIDEND - RS 4 PER SH,1296.85,-0.15000000000009095,-0.011565150346961522,1297.0,676,876670.6,331022778567.52,1675.0,1274.0,1296.85,https://static.nseindia.com/sparklines/today/preOpen_ICICIGIEQN.jpg
BHARATFORG,BHARATFORGEQN, INTERIM DIVIDEND - RS 1.50 PER SHARE,703.8,-0.10000000000002274,-0.014206563432308956,703.9,486,342046.8,180250310935.64,847.95,555.75,703.8,https://static.nseindia.com/sparklines/today/preOpen_BHARATFORGEQN.jpg
COLPAL,COLPALEQN, INTERIM DIVIDEND - RS 19 PER SHARE,1419.9,-0.2999999999999545,-0.021123785382337314,1420.2,555,788044.5,189274258729.33,1823.4,1375.6,1419.9,https://static.nseindia.com/sparklines/today/preOpen_COLPALEQN.jpg
MARUTI,MARUTIEQN, DIVIDEND - RS 45 PER SHARE,8550.0,-2.4500000000007276,-0.02864676203895641,8552.45,417,3565350.0,1136750828024.68,9050.0,6400.0,8550.0,https://static.nseindia.com/sparklines/today/preOpen_MARUTIEQN.jpg
TVSMOTOR,TVSMOTOREQN, INTERIM DIVIDEND - RS 1.40 PER SHARE,671.0,-0.20000000000004547,-0.029797377830757667,671.2,1769,1186999.0,149872881330.9,813.95,495.0,671.0,https://static.nseindia.com/sparklines/today/preOpen_TVSMOTOREQN.jpg
COALINDIA,COALINDIAEQN,INTERIM DIVIDEND - RS 5 PER SHARE,163.0,-0.05000000000001137,-0.030665440049071676,163.05,20406,3326178.0,341643170263.9,203.8,123.4,163.0,https://static.nseindia.com/sparklines/today/preOpen_COALINDIAEQN.jpg
NMDC,NMDCEQN,INTERIM DIVIDEND - RS 5.73 PER SHARE,144.6,-0.05000000000001137,-0.034566194262019616,144.65,16054,2321408.4,165325733118.98,213.2,114.45,144.6,https://static.nseindia.com/sparklines/today/preOpen_NMDCEQN.jpg
GUJGASLTD,GUJGASLTDEQN, DIVIDEND - RS 2 PER SHARE,657.0,-0.2999999999999545,-0.04564125969876077,657.3,2697,1771929.0,113119707290.63,786.0,429.75,657.0,https://static.nseindia.com/sparklines/today/preOpen_GUJGASLTDEQN.jpg
SAIL,SAILEQN, INTERIM DIVIDEND - RS 4 PER SH,97.3,-0.04999999999999716,-0.05136106831021794,97.35,62933,6123380.9,140737322909.45,151.3,63.25,97.3,https://static.nseindia.com/sparklines/today/preOpen_SAILEQN.jpg
IPCALAB,IPCALABEQN,FACE VALUE SPLIT (SUB-DIVISION) - FROM RS 2/- PER SHARE TO RE 1/- PER SHARE,964.5,-0.5499999999999545,-0.05699186570643538,965.05,156,150462.0,132212118013.69,1383.1,892.7,964.5,https://static.nseindia.com/sparklines/today/preOpen_IPCALABEQN.jpg
MFSL,MFSLEQN, ANNUAL GENERAL MEETING,854.8,-0.5,-0.05845902022682101,855.3,233,199168.4,185961298090.87,1148.05,765.15,854.8,https://static.nseindia.com/sparklines/today/preOpen_MFSLEQN.jpg
UBL,UBLEQN, ANNUAL GENERAL MEETING/DIVIDEND - RS 0.50 PER SHARE,1550.0,-1.0,-0.06447453255963895,1551.0,107,165850.0,110724944246.73,1785.8,1051.4,1550.0,https://static.nseindia.com/sparklines/today/preOpen_UBLEQN.jpg
CIPLA,CIPLAEQN, ANNUAL GENERAL MEETING/DIVIDEND - RS 5 PER SHARE,927.5,-0.7000000000000455,-0.07541478129713913,928.2,1548,1435770.0,479272113046.27,1005.0,738.1,927.5,https://static.nseindia.com/sparklines/today/preOpen_CIPLAEQN.jpg
ESCORTS,ESCORTSEQN, ANNUAL GENERAL MEETING/DIVIDEND - RS 5 PER SHARE/SPECIAL DIVIDEND - RS 2.50 PER SHARE,1855.2,-1.5,-0.08078849571820973,1856.7,276,512035.2,130180616119.94,1918.9,1100.0,1855.2,https://static.nseindia.com/sparklines/today/preOpen_ESCORTSEQN.jpg
CONCOR,CONCOREQN,INTERIM DIVIDEND - RS 2 PER SHARE,599.0,-0.5499999999999545,-0.09173546826785998,599.55,368,220432.0,164386091854.53,754.4,527.9,599.0,https://static.nseindia.com/sparklines/today/preOpen_CONCOREQN.jpg
IEX,IEXEQN,INTERIM DIVIDEND - RE 1 PER SHARE,216.7,-0.20000000000001705,-0.09220839096358555,216.9,20991,4548749.7,165683208451.55,318.67,92.33,216.7,https://static.nseindia.com/sparklines/today/preOpen_IEXEQN.jpg
POWERGRID,POWERGRIDEQN,INTERIM DIVIDEND - RS 5.50 PER SHARE,196.8,-0.19999999999998863,-0.10152284263958815,197.0,8965,1764312.0,673340464961.92,220.2,148.88,196.8,https://static.nseindia.com/sparklines/today/preOpen_POWERGRIDEQN.jpg
PVR,PVREQN, RIGHTS 7:94 @ PREMIUM RS 774/-,1596.0,-1.7999999999999545,-0.1126549004881684,1597.8,885,1412460.0,71088899791.28,1839.0,988.35,1596.0,https://static.nseindia.com/sparklines/today/preOpen_PVREQN.jpg
SBILIFE,SBILIFEEQN, INTERIM DIVIDEND - RS 2.5 PER SHARE,1124.8,-1.5499999999999545,-0.13761264260664577,1126.35,2053,2309214.4,495723547776.01,1293.25,845.1,1124.8,https://static.nseindia.com/sparklines/today/preOpen_SBILIFEEQN.jpg
AMARAJABAT,AMARAJABATEQN, INTERIM DIVIDEND - RS 4 PER SHARE,596.0,-0.9500000000000455,-0.15914230672586405,596.95,947,564412.0,59140582687.5,929.7,568.5,596.0,https://static.nseindia.com/sparklines/today/preOpen_AMARAJABATEQN.jpg
BIOCON,BIOCONEQN, DIVIDEND - RS 0.50 PER SHARE,394.95,-0.75,-0.18953752843062927,395.7,1116,440764.2,185280193800.0,424.75,314.8,394.95,https://static.nseindia.com/sparklines/today/preOpen_BIOCONEQN.jpg
CANFINHOME,CANFINHOMEEQN, INTERIM DIVIDEND - RS 1.50 PER SHARE,605.0,-1.1499999999999773,-0.18972201600263588,606.15,78,47190.0,50848164907.31,722.0,467.95,605.0,https://static.nseindia.com/sparklines/today/preOpen_CANFINHOMEEQN.jpg
ZEEL,ZEELEQN, ANNUAL GENERAL MEETING/DIVIDEND - RS 2.50 PER SHARE,262.5,-0.5,-0.19011406844106463,263.0,14598,3831975.0,242511007723.2,378.7,166.8,262.5,https://static.nseindia.com/sparklines/today/preOpen_ZEELEQN.jpg
JUBLFOOD,JUBLFOODEQN, DIVIDEND - RS 6 PER SHARE,3025.0,-5.849999999999909,-0.19301516076347922,3030.85,1445,4371125.0,231987451632.72,4590.0,2660.7,3025.0,https://static.nseindia.com/sparklines/today/preOpen_JUBLFOODEQN.jpg
AXISBANK,AXISBANKEQN, ANNUAL GENERAL MEETING/ DIVIDEND - RE 1 PER SHARE,781.15,-1.6499999999999773,-0.21078180889115705,782.8,14839,11591484.85,2017091928723.98,866.9,626.65,781.15,https://static.nseindia.com/sparklines/today/preOpen_AXISBANKEQN.jpg
DIVISLAB,DIVISLABEQN, DIVIDEND - RS 20 PER SHARE,4432.7,-9.5,-0.21385799828913601,4442.2,585,2593129.5,566046972516.48,5425.1,3153.3,4432.7,https://static.nseindia.com/sparklines/today/preOpen_DIVISLABEQN.jpg
CUMMINSIND,CUMMINSINDEQN,INTERIM DIVIDEND - RS 8 PER SHARE,983.0,-2.2000000000000455,-0.2233049127080842,985.2,3276,3220308.0,133817745600.0,1064.45,747.0,983.0,https://static.nseindia.com/sparklines/today/preOpen_CUMMINSINDEQN.jpg
PETRONET,PETRONETEQN, SPECIAL DIVIDEND - RS 7 PER SHARE,216.0,-0.5,-0.23094688221709006,216.5,1645,355320.0,162375009526.0,260.95,206.5,216.0,https://static.nseindia.com/sparklines/today/preOpen_PETRONETEQN.jpg
LAURUSLABS,LAURUSLABSEQN, INTERIM DIVIDEND - RS 0.80 PER SHARE,548.0,-1.2999999999999545,-0.23666484616784172,549.3,2254,1235192.0,215171653758.77,723.75,334.0,548.0,https://static.nseindia.com/sparklines/today/preOpen_LAURUSLABSEQN.jpg
INDHOTEL,INDHOTELEQN, RIGHTS 1:9 @ PREMIUM RS 149/-,208.8,-0.5,-0.23889154323936931,209.3,9994,2086747.2,163175508414.46,230.49,91.02,208.8,https://static.nseindia.com/sparklines/today/preOpen_INDHOTELEQN.jpg
VEDL,VEDLEQN, INTERIM DIVIDEND - RS  13.50 PER SHARE,368.0,-0.9499999999999886,-0.2574874644260709,368.95,12195,4487760.0,480011204903.67,385.9,185.9,368.0,https://static.nseindia.com/sparklines/today/preOpen_VEDLEQN.jpg
RAIN,RAINEQN, INTERIM DIVIDEND - RE 1 PER SHARE,229.2,-0.6000000000000227,-0.26109660574413524,229.8,2330,534036.0,43283652739.15,272.75,137.6,229.2,https://static.nseindia.com/sparklines/today/preOpen_RAINEQN.jpg
DEEPAKNTR,DEEPAKNTREQN, ANNUAL GENERAL MEETING/DIVIDEND - RS 4.50 PER SHARE/ SPECIAL DIVIDEND - RE 1 PER SHARE,2080.0,-5.449999999999818,-0.26133448416408056,2085.45,1310,2724800.0,153598068370.86,3020.0,1241.7,2080.0,https://static.nseindia.com/sparklines/today/preOpen_DEEPAKNTREQN.jpg
HDFCAMC,HDFCAMCEQN, ANNUAL GENERAL MEETING/DIVIDEND - RS 34 PER SHARE,2200.0,-5.849999999999909,-0.26520388965704417,2205.85,92,202400.0,145786737167.57,3365.0,2118.0,2200.0,https://static.nseindia.com/sparklines/today/preOpen_HDFCAMCEQN.jpg
GLENMARK,GLENMARKEQN, ANNUAL GENERAL MEETING/DIVIDEND - RS 2.50 PER SHARE,475.0,-1.3500000000000227,-0.28340505930513754,476.35,3110,1477250.0,71237724588.62,690.95,442.05,475.0,https://static.nseindia.com/sparklines/today/preOpen_GLENMARKEQN.jpg
BALKRISIND,BALKRISINDEQN,INTERIM DIVIDEND,2000.0,-5.7000000000000455,-0.28419005833375105,2005.7,815,1630000.0,162849240952.86,2723.8,1516.65,2000.0,https://static.nseindia.com/sparklines/today/preOpen_BALKRISINDEQN.jpg
MGL,MGLEQN,INTERIM DIVIDEND - RS 9.50 PER SHARE,774.0,-2.25,-0.2898550724637681,776.25,890,688860.0,44472225100.05,1284.4,763.65,774.0,https://static.nseindia.com/sparklines/today/preOpen_MGLEQN.jpg
HINDALCO,HINDALCOEQN, ANNUAL GENERAL MEETING/DIVIDEND - RS 3 PER SHARE,531.0,-1.5499999999999545,-0.29105248333488964,532.55,8603,4568193.0,777874693889.8,553.85,301.0,531.0,https://static.nseindia.com/sparklines/today/preOpen_HINDALCOEQN.jpg
PFC,PFCEQN,INTERIM DIVIDEND - RS 6 PER SHARE,118.65,-0.3499999999999943,-0.29411764705881877,119.0,10305,1222688.25,138234662522.88,153.75,104.1,118.65,https://static.nseindia.com/sparklines/today/preOpen_PFCEQN.jpg
AUROPHARMA,AUROPHARMAEQN,INTERIM DIVIDEND - RS 1.50 PER SHARE,671.0,-2.1499999999999773,-0.3193938943771785,674.65,4500,3019500.0,189745671629.69,1063.9,590.1,671.0,https://static.nseindia.com/sparklines/today/preOpen_AUROPHARMAEQN.jpg
ONGC,ONGCEQN,INTERIM DIVIDEND - RS 1.75 PER SHARE,171.2,-0.5500000000000114,-0.32023289665211724,171.75,53747,9201486.4,626592256552.85,176.35,97.45,171.2,https://static.nseindia.com/sparklines/today/preOpen_ONGCEQN.jpg
PFIZER,PFIZEREQN, ANNUAL GENERAL MEETING/DIVIDEND - RS 30 PER SHARE/SPECIAL DIVIDEND - RS 5 PER SHARE,4360.0,-14.050000000000182,-0.32121260616591446,4374.05,14,61040.0,68034974832.56,6175.0,4293.0,4360.0,https://static.nseindia.com/sparklines/today/preOpen_PFIZEREQN.jpg
TATAPOWER,TATAPOWEREQN, DIVIDEND - RS 1.55 PER SHARE,227.0,-0.75,-0.3293084522502744,227.75,92191,20927357.0,385701448369.5,267.85,89.0,227.0,https://static.nseindia.com/sparklines/today/preOpen_TATAPOWEREQN.jpg
MOTHERSUMI,MOTHERSUMIEQN,DEMERGER,166.0,-0.5500000000000114,-0.33023116181327605,166.55,8453,1403198.0,199862499925.49,272.85,164.7,166.0,https://static.nseindia.com/sparklines/today/preOpen_MOTHERSUMIEQN.jpg
BOSCHLTD,BOSCHLTDEQN, ANNUAL GENERAL MEETING/DIVIDEND - RS 115 PER SHARE,15950.0,-53.0,-0.3311879022683247,16003.0,48,765600.0,136876149066.8,19250.0,13225.0,15950.0,https://static.nseindia.com/sparklines/today/preOpen_BOSCHLTDEQN.jpg
TATASTEEL,TATASTEELEQN, ANNUAL GENERAL MEETING/DIVIDEND - RS 25 PER SHARE,1187.0,-3.9500000000000455,-0.33166799613754105,1190.95,13148,15606676.0,945933569637.81,1534.5,655.95,1187.0,https://static.nseindia.com/sparklines/today/preOpen_TATASTEELEQN.jpg
L&TFH,L&TFHEQN, ANNUAL GENERAL MEETING,71.8,-0.25,-0.3469812630117974,72.05,10464,751315.2,57038438503.02,113.4,68.75,71.8,https://static.nseindia.com/sparklines/today/preOpen_L&TFHEQN.jpg
GODREJCP,GODREJCPEQN, INTERIM DIVIDEND - RS 2 PER SHARE,830.0,-2.9500000000000455,-0.35416291494087826,832.95,446,370180.0,315150796608.63,1138.0,646.15,830.0,https://static.nseindia.com/sparklines/today/preOpen_GODREJCPEQN.jpg
INDIGO,INDIGOEQN, ANNUAL GENERAL MEETING,2149.0,-7.650000000000091,-0.3547168061577025,2156.65,1083,2327367.0,207680495091.2,2380.0,1502.3,2149.0,https://static.nseindia.com/sparklines/today/preOpen_INDIGOEQN.jpg
CANBK,CANBKEQN, ANNUAL GENERAL MEETING,238.55,-0.8499999999999943,-0.3550543024227211,239.4,18140,4327297.0,160692029461.66,272.8,124.3,238.55,https://static.nseindia.com/sparklines/today/preOpen_CANBKEQN.jpg
AUBANK,AUBANKEQN, ANNUAL GENERAL MEETING/DIVIDEND - RS 0.75 PER SHARE,1265.0,-4.650000000000091,-0.36624266530146815,1269.65,455,575575.0,278864153314.67,1421.0,910.0,1265.0,https://static.nseindia.com/sparklines/today/preOpen_AUBANKEQN.jpg
BANKBARODA,BANKBARODAEQN, ANNUAL GENERAL MEETING,105.3,-0.4000000000000057,-0.3784295175023706,105.7,79324,8352817.2,196780673635.31,118.8,61.75,105.3,https://static.nseindia.com/sparklines/today/preOpen_BANKBARODAEQN.jpg
GODREJPROP,GODREJPROPEQN,ANNUAL GENERAL MEETING/DIVIDEND -  RS 2/- PER SHARE,1600.0,-6.25,-0.38910505836575876,1606.25,1926,3081600.0,187537211946.0,2598.0,1200.0,1600.0,https://static.nseindia.com/sparklines/today/preOpen_GODREJPROPEQN.jpg
TATAMOTORS,TATAMOTORSEQN, DIVIDEND - RE 0.20/- PER SHARE,498.0,-1.9499999999999886,-0.3900390039003878,499.95,52076,25933848.0,896459456638.85,536.7,268.45,498.0,https://static.nseindia.com/sparklines/today/preOpen_TATAMOTORSEQN.jpg
MCX,MCXEQN, DIVIDEND - RS 27.60 PER SHARE,1412.0,-5.5499999999999545,-0.3915205812846076,1417.55,366,516792.0,72292737975.95,2135.0,1335.95,1412.0,https://static.nseindia.com/sparklines/today/preOpen_MCXEQN.jpg
TCS,TCSEQN,BUYBACK,3769.0,-15.199999999999818,-0.4016701020030606,3784.2,41130,155018970.0,3919426057597.85,4043.0,2880.0,3769.0,https://static.nseindia.com/sparklines/today/preOpen_TCSEQN.jpg
BRITANNIA,BRITANNIAEQN, ANNUAL GENERAL MEETING,3450.0,-14.099999999999909,-0.4070321295574582,3464.1,308,1062600.0,408852013445.06,4153.0,3317.3,3450.0,https://static.nseindia.com/sparklines/today/preOpen_BRITANNIAEQN.jpg
BPCL,BPCLEQN,INTERIM DIVIDEND - RS 5 PER SHARE,371.45,-1.5500000000000114,-0.4155495978552309,373.0,4242,1575690.9,356017760345.28,503.0,356.6,371.45,https://static.nseindia.com/sparklines/today/preOpen_BPCLEQN.jpg
BATAINDIA,BATAINDIAEQN, ANNUAL GENERAL MEETING/DIVIDEND - RS 4 PER SHARE,1900.0,-8.200000000000045,-0.4297243475526698,1908.2,56,106400.0,115270438359.16,2262.0,1263.6,1900.0,https://static.nseindia.com/sparklines/today/preOpen_BATAINDIAEQN.jpg
VOLTAS,VOLTASEQN, ANNUAL GENERAL MEETING/DIVIDEND - RS 5 PER SHARE,1214.1,-5.350000000000136,-0.4387223748411281,1219.45,1198,1454491.8,282448177335.1,1356.9,918.0,1214.1,https://static.nseindia.com/sparklines/today/preOpen_VOLTASEQN.jpg
HDFCLIFE,HDFCLIFEEQN, DIVIDEND - RS 2.02 PER SH,590.0,-2.6000000000000227,-0.43874451569355766,592.6,6913,4078670.0,551949936431.67,775.65,551.6,590.0,https://static.nseindia.com/sparklines/today/preOpen_HDFCLIFEEQN.jpg
M&MFIN,M&MFINEQN, ANNUAL GENERAL MEETING/DIVIDEND - RS 0.80 PER SHARE,157.6,-0.700000000000017,-0.44219835754896847,158.3,4757,749703.2,93880505441.28,223.55,138.55,157.6,https://static.nseindia.com/sparklines/today/preOpen_M&MFINEQN.jpg
HONAUT,HONAUTEQN, DIVIDEND - RS 85 PER SHARE,41880.0,-190.0500000000029,-0.4517465512876807,42070.05,5,209400.0,92990828671.54,49990.0,38130.05,41880.0,https://static.nseindia.com/sparklines/today/preOpen_HONAUTEQN.jpg
KOTAKBANK,KOTAKBANKEQN, DIVIDEND - RS 0.90 PER SHARE,1809.05,-8.25,-0.4539701755351346,1817.3,2589,4683630.45,2667533390639.62,2253.0,1626.0,1809.05,https://static.nseindia.com/sparklines/today/preOpen_KOTAKBANKEQN.jpg
STAR,STAREQN, DIVIDEND - RS 2.50 PER SHARE,369.6,-1.6999999999999886,-0.45785079450578736,371.3,290,107184.0,23335425195.74,947.0,344.15,369.6,https://static.nseindia.com/sparklines/today/preOpen_STAREQN.jpg
MRF,MRFEQN,INTERIM DIVIDEND - RS 3 PER SHARE,65315.0,-300.75,-0.45835031985460806,65615.75,38,2481970.0,136360031613.1,90999.9,65007.05,65315.0,https://static.nseindia.com/sparklines/today/preOpen_MRFEQN.jpg
ICICIBANK,ICICIBANKEQN, DIVIDEND - RS 2 PER SHARE,746.85,-3.5,-0.4664489904711135,750.35,59180,44198583.0,5209781204683.5,867.0,531.15,746.85,https://static.nseindia.com/sparklines/today/preOpen_ICICIBANKEQN.jpg
IRCTC,IRCTCEQN,INTERIM DIVIDEND - RS 2 PER SHARE,818.0,-3.8500000000000227,-0.4684553142300934,821.85,9062,7412716.0,216968400000.0,1279.26,310.0,818.0,https://static.nseindia.com/sparklines/today/preOpen_IRCTCEQN.jpg
JSWSTEEL,JSWSTEELEQN, ANNUAL GENERAL MEETING/DIVIDEND - RS 6.50 PER SHARE,635.2,-3.0,-0.4700720777185835,638.2,2972,1887814.4,632494734771.28,776.5,390.95,635.2,https://static.nseindia.com/sparklines/today/preOpen_JSWSTEELEQN.jpg
EXIDEIND,EXIDEINDEQN,INTERIM DIVIDEND - RS 2 PER SHARE,157.3,-0.75,-0.4745333755140778,158.05,4852,763219.6,72544950000.0,213.85,152.6,157.3,https://static.nseindia.com/sparklines/today/preOpen_EXIDEINDEQN.jpg
HEROMOTOCO,HEROMOTOCOEQN,INTERIM DIVIDEND - RS 60 PER SHARE,2780.0,-13.449999999999818,-0.48148347026078214,2793.45,1464,4069920.0,362794849649.02,3629.05,2310.0,2780.0,https://static.nseindia.com/sparklines/today/preOpen_HEROMOTOCOEQN.jpg
GSPL,GSPLEQN, DIVIDEND - RS 2 PER SH,287.1,-1.3999999999999773,-0.48526863084921223,288.5,130,37323.0,81387490988.0,379.2,220.25,287.1,https://static.nseindia.com/sparklines/today/preOpen_GSPLEQN.jpg
DRREDDY,DRREDDYEQN, ANNUAL GENERAL MEETING/DIVIDEND - RS 25 PER SHARE,4280.0,-21.0,-0.4882585445245292,4301.0,478,2045840.0,522504108319.16,5614.6,4135.0,4280.0,https://static.nseindia.com/sparklines/today/preOpen_DRREDDYEQN.jpg
CADILAHC,CADILAHCEQN, ANNUAL GENERAL MEETING/DIVIDEND - RS 3.50 PER SHARE,381.0,-1.8999999999999773,-0.4962131104727024,382.9,3849,1466469.0,97997759906.38,673.7,379.15,381.0,https://static.nseindia.com/sparklines/today/preOpen_CADILAHCEQN.jpg
BEL,BELEQN,INTERIM DIVIDEND - RS 1.50 PER SHARE,200.0,-1.0,-0.4975124378109453,201.0,5982,1196400.0,239980038956.07,228.0,115.85,200.0,https://static.nseindia.com/sparklines/today/preOpen_BELEQN.jpg
PNB,PNBEQN, ANNUAL GENERAL MEETING,37.85,-0.19999999999999574,-0.5256241787122096,38.05,163564,6190897.4,113121668335.11,48.2,32.5,37.85,https://static.nseindia.com/sparklines/today/preOpen_PNBEQN.jpg
MUTHOOTFIN,MUTHOOTFINEQN, ANNUAL GENERAL MEETING,1303.0,-6.900000000000091,-0.5267577677685389,1309.9,3233,4212599.0,141936602211.92,1721.95,1121.0,1303.0,https://static.nseindia.com/sparklines/today/preOpen_MUTHOOTFINEQN.jpg
GRASIM,GRASIMEQN, ANNUAL GENERAL MEETING/DIVIDEND - RS 5  PER SHARE/ SPECIAL DIVIDEND - RS 4 PER SHARE,1702.0,-9.25,-0.5405405405405406,1711.25,614,1045028.0,642041250788.89,1929.8,1190.85,1702.0,https://static.nseindia.com/sparklines/today/preOpen_GRASIMEQN.jpg
TATACHEM,TATACHEMEQN, ANNUAL GENERAL MEETING/DIVIDEND - RS 10 PER SHARE,892.0,-4.850000000000023,-0.5407816245749036,896.85,1985,1770620.0,141656464113.07,1158.0,575.55,892.0,https://static.nseindia.com/sparklines/today/preOpen_TATACHEMEQN.jpg
SHREECEM,SHREECEMEQN,INTERIM DIVIDEND - RS 45 PER SHARE,24590.0,-133.84999999999854,-0.5413800844124138,24723.85,107,2631130.0,330060350532.73,32048.0,23500.05,24590.0,https://static.nseindia.com/sparklines/today/preOpen_SHREECEMEQN.jpg
HDFCBANK,HDFCBANKEQN, DIVIDEND - RS 6.50 PER SHARE,1498.3,-8.200000000000045,-0.5443079986724225,1506.5,14850,22249755.0,6595313736429.76,1725.0,1353.0,1498.3,https://static.nseindia.com/sparklines/today/preOpen_HDFCBANKEQN.jpg
CHOLAFIN,CHOLAFINEQN,INTERIM DIVIDEND - RS 1.30 PER SHARE,672.0,-3.7000000000000455,-0.5475802871096707,675.7,1200,806400.0,266249497826.06,698.35,469.25,672.0,https://static.nseindia.com/sparklines/today/preOpen_CHOLAFINEQN.jpg
LALPATHLAB,LALPATHLABEQN, INTERIM DIVIDEND - RS 6 PER SHARE,2700.0,-14.949999999999818,-0.5506547081898311,2714.95,584,1576800.0,88248097786.35,4245.5,2235.8,2700.0,https://static.nseindia.com/sparklines/today/preOpen_LALPATHLABEQN.jpg
SBIN,SBINEQN, DIVIDEND - RS 4 PER SHARE,510.1,-2.8500000000000227,-0.5556097085485959,512.95,40695,20758519.5,1968488179137.08,549.0,321.3,510.1,https://static.nseindia.com/sparklines/today/preOpen_SBINEQN.jpg
TITAN,TITANEQN, ANNUAL GENERAL MEETING/DIVIDEND - RS 4 PER SHARE,2479.3,-13.899999999999636,-0.5575164447296501,2493.2,2177,5397436.1,1040311373432.64,2687.25,1396.0,2479.3,https://static.nseindia.com/sparklines/today/preOpen_TITANEQN.jpg
PAGEIND,PAGEINDEQN,INTERIM DIVIDEND - RS 100 PER SHARE,42000.1,-236.0,-0.5587637116116307,42236.1,52,2184005.2,244969991578.73,45600.0,27266.0,42000.1,https://static.nseindia.com/sparklines/today/preOpen_PAGEINDEQN.jpg
IDFCFIRSTB,IDFCFIRSTBEQN, DIVIDEND RE 0.75 PER SHARE,44.45,-0.25,-0.5592841163310961,44.7,38148,1695678.6,138880142792.25,69.3,40.75,44.45,https://static.nseindia.com/sparklines/today/preOpen_IDFCFIRSTBEQN.jpg
DLF,DLFEQN, DIVIDEND - RS 2 PER SHARE,363.5,-2.1000000000000227,-0.5743982494529603,365.6,4405,1601217.5,226243794290.4,449.7,231.85,363.5,https://static.nseindia.com/sparklines/today/preOpen_DLFEQN.jpg
IDFC,IDFCEQN, INTERIM DIVIDEND- RS 0.65 PER SHARE,60.0,-0.3500000000000014,-0.5799502899751474,60.35,20902,1254120.0,80929723643.75,68.3,41.65,60.0,https://static.nseindia.com/sparklines/today/preOpen_IDFCEQN.jpg
MCDOWELL-N,MCDOWELL-NEQN, ANNUAL GENERAL MEETING,846.2,-4.949999999999932,-0.5815661164307034,851.15,710,600802.0,253576202331.62,1019.95,507.5,846.2,https://static.nseindia.com/sparklines/today/preOpen_MCDOWELL-NEQN.jpg
INDIACEM,INDIACEMEQN, ANNUAL GENERAL MEETING/DIVIDEND - RE 1 PER SHARE,204.0,-1.1999999999999886,-0.5847953216374214,205.2,1615,329460.0,27979998483.89,259.95,154.75,204.0,https://static.nseindia.com/sparklines/today/preOpen_INDIACEMEQN.jpg
ADANIPORTS,ADANIPORTSEQN, DIVIDEND - RS 5 PER SH,729.9,-4.300000000000068,-0.5856714791610008,734.2,4988,3640741.2,539659491453.43,901.0,628.65,729.9,https://static.nseindia.com/sparklines/today/preOpen_ADANIPORTSEQN.jpg
M&M,M&MEQN, ANNUAL GENERAL MEETING/DIVIDEND - RS 8.75 PER SHARE,857.2,-5.0499999999999545,-0.5856770078283507,862.25,3206,2748183.2,825395933719.28,979.0,724.65,857.2,https://static.nseindia.com/sparklines/today/preOpen_M&MEQN.jpg
HINDUNILVR,HINDUNILVREQN, INTERIM DIVIDEND - RS 15 PER SHARE,2294.0,-13.550000000000182,-0.5872028775107877,2307.55,4021,9224174.0,2060283740318.68,2859.3,2120.0,2294.0,https://static.nseindia.com/sparklines/today/preOpen_HINDUNILVREQN.jpg
AARTIIND,AARTIINDEQN,INTERIM DIVIDEND - RE 1 PER SHARE,969.0,-5.850000000000023,-0.6000923218956786,974.85,1028,996132.0,197896752771.06,1168.0,588.4,969.0,https://static.nseindia.com/sparklines/today/preOpen_AARTIINDEQN.jpg
METROPOLIS,METROPOLISEQN,INTERIM DIVIDEND - RS. 8 PER SHARE,1997.0,-12.150000000000091,-0.6047333449468726,2009.15,660,1318020.0,51404598005.48,3579.9,1848.0,1997.0,https://static.nseindia.com/sparklines/today/preOpen_METROPOLISEQN.jpg
INDUSINDBK,INDUSINDBKEQN, DIVIDEND - RS 5 PER SHARE,950.0,-5.7999999999999545,-0.6068215107763083,955.8,3743,3555850.0,621863385987.82,1242.0,811.0,950.0,https://static.nseindia.com/sparklines/today/preOpen_INDUSINDBKEQN.jpg
OFSS,OFSSEQN, ANNUAL GENERAL MEETING,3588.7,-21.950000000000273,-0.607923781036663,3610.65,77,276329.9,84064770004.64,5145.0,2931.05,3588.7,https://static.nseindia.com/sparklines/today/preOpen_OFSSEQN.jpg
DABUR,DABUREQN, INTERIM DIVIDEND - RS 2.50 PER SHARE,551.0,-3.3999999999999773,-0.6132756132756092,554.4,2343,1290993.0,323432879277.82,658.95,497.05,551.0,https://static.nseindia.com/sparklines/today/preOpen_DABUREQN.jpg
GMRINFRA,GMRINFRAEQN,DEMERGER,40.1,-0.25,-0.6195786864931846,40.35,17239,691283.9,97420156738.5,49.15,22.5,40.1,https://static.nseindia.com/sparklines/today/preOpen_GMRINFRAEQN.jpg
TECHM,TECHMEQN, SPECIAL DIVIDEND - RS 15 PER SHARE,1438.45,-9.099999999999909,-0.6286484059272501,1447.55,2031,2921491.95,899034649624.8,1838.0,915.0,1438.45,https://static.nseindia.com/sparklines/today/preOpen_TECHMEQN.jpg
IGL,IGLEQN, ANNUAL GENERAL MEETING/DIVIDEND - RS 3.60 PER SHARE,378.0,-2.3999999999999773,-0.6309148264984168,380.4,5616,2122848.0,133140152160.0,602.05,371.55,378.0,https://static.nseindia.com/sparklines/today/preOpen_IGLEQN.jpg
BANDHANBNK,BANDHANBNKEQN, ANNUAL GENERAL MEETING/DIVIDEND - RE 1 PER SHARE,319.9,-2.0500000000000114,-0.6367448361546859,321.95,4457,1425794.3,217800383761.28,371.0,229.55,319.9,https://static.nseindia.com/sparklines/today/preOpen_BANDHANBNKEQN.jpg
TATACOMM,TATACOMMEQN, ANNUAL GENERAL MEETING/DIVIDEND - RS 14 PER SHARE,1235.0,-8.0,-0.6436041834271923,1243.0,296,365560.0,145244550000.0,1591.95,1000.0,1235.0,https://static.nseindia.com/sparklines/today/preOpen_TATACOMMEQN.jpg
RAMCOCEM,RAMCOCEMEQN, ANNUAL GENERAL MEETING,854.0,-5.649999999999977,-0.6572442273018062,859.65,38,32452.0,109667936200.68,1132.7,823.95,854.0,https://static.nseindia.com/sparklines/today/preOpen_RAMCOCEMEQN.jpg
TATACONSUM,TATACONSUMEQN, ANNUAL GENERAL MEETING/DIVIDEND - RS 4.05 PER SHARE,715.6,-4.75,-0.6594016797390158,720.35,6506,4655693.6,431495855635.16,889.0,577.05,715.6,https://static.nseindia.com/sparklines/today/preOpen_TATACONSUMEQN.jpg
SRTRANSFIN,SRTRANSFINEQN, INTERIM DIVIDEND - RS 8 PER SHARE,1269.0,-8.450000000000045,-0.6614740302947313,1277.45,2182,2768958.0,255725801455.17,1696.4,1103.2,1269.0,https://static.nseindia.com/sparklines/today/preOpen_SRTRANSFINEQN.jpg
DIXON,DIXONEQN, ANNUAL GENERAL MEETING/DIVIDEND - RE 1 PER SHARE,4165.0,-28.5,-0.6796232264218433,4193.5,745,3102925.0,154287250741.95,21499.0,3345.15,4165.0,https://static.nseindia.com/sparklines/today/preOpen_DIXONEQN.jpg
BHARTIARTL,BHARTIARTLEQN, RIGHTS 1:14 @ PREMIUM RS 530/-,712.05,-4.9500000000000455,-0.6903765690376633,717.0,6588,4690985.4,1693246926997.08,781.8,494.6,712.05,https://static.nseindia.com/sparklines/today/preOpen_BHARTIARTLEQN.jpg
BERGEPAINT,BERGEPAINTEQN, ANNUAL GENERAL MEETING/DIVIDEND - RS 2.80  PER SHARE,720.5,-5.100000000000023,-0.702866593164281,725.6,399,287479.5,176192919711.8,872.95,675.05,720.5,https://static.nseindia.com/sparklines/today/preOpen_BERGEPAINTEQN.jpg
EICHERMOT,EICHERMOTEQN, ANNUAL GENERAL MEETING/DIVIDEND - RS 17 PER SHARE,2703.2,-19.550000000000182,-0.7180240565604694,2722.75,649,1754376.8,379659228676.76,2994.0,2303.7,2703.2,https://static.nseindia.com/sparklines/today/preOpen_EICHERMOTEQN.jpg
NAUKRI,NAUKRIEQN,INTERIM DIVIDEND - RS 8 PER SH,4515.0,-32.899999999999636,-0.7234108049869091,4547.9,582,2627730.0,351418379608.8,7465.4,4023.9,4515.0,https://static.nseindia.com/sparklines/today/preOpen_NAUKRIEQN.jpg
PIDILITIND,PIDILITINDEQN, ANNUAL GENERAL MEETING/DIVIDEND - RS 8.50 PER SHARE,2429.0,-17.800000000000182,-0.7274807912375422,2446.8,398,966742.0,373008793797.0,2764.7,1675.0,2429.0,https://static.nseindia.com/sparklines/today/preOpen_PIDILITINDEQN.jpg
LTI,LTIEQN, INTERIM DIVIDEND - RS 15 PER SHARE,5891.0,-43.19999999999982,-0.7279835529641707,5934.2,340,2002940.0,270349850166.03,7588.8,3525.0,5891.0,https://static.nseindia.com/sparklines/today/preOpen_LTIEQN.jpg
BAJAJFINSV,BAJAJFINSVEQN, ANNUAL GENERAL MEETING/DIVIDEND - RS 3 PER SHARE,16061.0,-120.20000000000073,-0.7428373668207594,16181.2,535,8592635.0,978513227364.06,19325.0,8960.05,16061.0,https://static.nseindia.com/sparklines/today/preOpen_BAJAJFINSVEQN.jpg
NESTLEIND,NESTLEINDEQN, INTERIM DIVIDEND - RS 110 PER SHARE,17988.0,-138.0,-0.7613373055279709,18126.0,364,6547632.0,646623569239.92,20609.15,16002.1,17988.0,https://static.nseindia.com/sparklines/today/preOpen_NESTLEINDEQN.jpg
NATIONALUM,NATIONALUMEQN,INTERIM DIVIDEND - RS 3 PER SHARE,116.5,-0.9000000000000057,-0.7666098807495789,117.4,42249,4922008.5,105654080178.96,128.25,49.65,116.5,https://static.nseindia.com/sparklines/today/preOpen_NATIONALUMEQN.jpg
LTTS,LTTSEQN,INTERIM DIVIDEND - RS 10 PER SHARE,4400.3,-34.5,-0.7779381257328403,4434.8,319,1403695.7,121629783692.46,5955.5,2441.0,4400.3,https://static.nseindia.com/sparklines/today/preOpen_LTTSEQN.jpg
JINDALSTEL,JINDALSTELEQN, ANNUAL GENERAL MEETING,412.15,-3.25,-0.7823784304285026,415.4,5972,2461359.8,169497838197.52,501.7,296.7,412.15,https://static.nseindia.com/sparklines/today/preOpen_JINDALSTELEQN.jpg
RECLTD,RECLTDEQN,INTERIM DIVIDEND - RS 6 PER SHARE,125.85,-1.0,-0.7883326763894364,126.85,35710,4494103.5,117743623701.0,168.85,122.15,125.85,https://static.nseindia.com/sparklines/today/preOpen_RECLTDEQN.jpg
ACC,ACCEQN, ANNUAL GENERAL MEETING/DIVIDEND - RS 14 PER SHARE,2208.75,-18.09999999999991,-0.8128073287378993,2226.85,411,907796.25,188178329975.2,2589.0,1686.05,2208.75,https://static.nseindia.com/sparklines/today/preOpen_ACCEQN.jpg
HAVELLS,HAVELLSEQN, INTERIM DIVIDEND - RS 3 PER SHARE,1197.0,-9.950000000000045,-0.8243920626372297,1206.95,571,683487.0,302366594686.26,1504.45,958.0,1197.0,https://static.nseindia.com/sparklines/today/preOpen_HAVELLSEQN.jpg
IBULHSGFIN,IBULHSGFINEQN, ANNUAL GENERAL MEETING,188.0,-1.5999999999999943,-0.8438818565400814,189.6,14629,2750252.0,66198611721.6,313.7,154.2,188.0,https://static.nseindia.com/sparklines/today/preOpen_IBULHSGFINEQN.jpg
DALBHARAT,DALBHARATEQN, INTERIM DIVIDEND - RS 4 PER SHARE,1827.1,-15.75,-0.8546544754049435,1842.85,25,45677.5,151734033016.74,2548.4,1365.6,1827.1,https://static.nseindia.com/sparklines/today/preOpen_DALBHARATEQN.jpg
INFY,INFYEQN, INTERIM DIVIDEND - RS 15 PER SH,1710.0,-14.799999999999955,-0.8580705009276413,1724.8,15018,25680780.0,6394592523469.92,1953.9,1244.75,1710.0,https://static.nseindia.com/sparklines/today/preOpen_INFYEQN.jpg
NAM-INDIA,NAM-INDIAEQN, INTERIM DIVIDEND - RS  3.50 PER SHARE,317.7,-2.75,-0.8581682009673895,320.45,716,227473.2,51797685163.46,476.45,312.5,317.7,https://static.nseindia.com/sparklines/today/preOpen_NAM-INDIAEQN.jpg
SYNGENE,SYNGENEEQN, ANNUAL GENERAL MEETING,572.5,-5.0,-0.8658008658008658,577.5,234,133965.0,67123393837.5,700.0,490.5,572.5,https://static.nseindia.com/sparklines/today/preOpen_SYNGENEEQN.jpg
PIIND,PIINDEQN,INTERIM DIVIDEND - RS 3 PER SHARE,2587.15,-22.75,-0.8716809073144564,2609.9,82,212146.3,209863631569.15,3534.9,2123.0,2587.15,https://static.nseindia.com/sparklines/today/preOpen_PIINDEQN.jpg
HCLTECH,HCLTECHEQN,INTERIM DIVIDEND - RS 10 PER SHARE,1152.85,-10.200000000000045,-0.8770044280125572,1163.05,4083,4707086.55,1262451275961.12,1377.75,891.0,1152.85,https://static.nseindia.com/sparklines/today/preOpen_HCLTECHEQN.jpg
BAJFINANCE,BAJFINANCEEQN, ANNUAL GENERAL MEETING/DIVIDEND - RS 10 PER SHARE,7020.0,-62.44999999999982,-0.8817570191106159,7082.45,2945,20673900.0,1880967778247.91,8050.0,4362.0,7020.0,https://static.nseindia.com/sparklines/today/preOpen_BAJFINANCEEQN.jpg
GRANULES,GRANULESEQN,INTERIM DIVIDEND - RS 0.25 PER SHARE,303.0,-2.6999999999999886,-0.883218842001959,305.7,1946,589638.0,43214758462.22,404.8,280.5,303.0,https://static.nseindia.com/sparklines/today/preOpen_GRANULESEQN.jpg
RBLBANK,RBLBANKEQN, ANNUAL GENERAL MEETING,139.1,-1.25,-0.8906305664410403,140.35,21637,3009706.7,69830288237.27,259.9,123.8,139.1,https://static.nseindia.com/sparklines/today/preOpen_RBLBANKEQN.jpg
WHIRLPOOL,WHIRLPOOLEQN, ANNUAL GENERAL MEETING/DIVIDEND - RS 5 PER SHARE,1706.0,-15.349999999999909,-0.8917419467278537,1721.35,102,174012.0,54597706142.63,2550.0,1680.05,1706.0,https://static.nseindia.com/sparklines/today/preOpen_WHIRLPOOLEQN.jpg
BSOFT,BSOFTEQN, INTERIM DIVIDEND - RS 1.50 PER SHARE,435.9,-3.9500000000000455,-0.8980334204842664,439.85,2367,1031775.3,72254275031.0,585.85,215.9,435.9,https://static.nseindia.com/sparklines/today/preOpen_BSOFTEQN.jpg
ASIANPAINT,ASIANPAINTEQN, INTERIM DIVIDEND - RS 3.65 PER SHARE,3236.15,-29.699999999999818,-0.9094110262259387,3265.85,2433,7873552.95,1472320168161.61,3590.0,2260.0,3236.15,https://static.nseindia.com/sparklines/today/preOpen_ASIANPAINTEQN.jpg
INDIAMART,INDIAMARTEQN, DIVIDEND - RS 15 PER SHARE,4962.8,-45.55000000000018,-0.9094811664520287,5008.35,591,2933014.8,76539042096.45,9710.7,4301.1,4962.8,https://static.nseindia.com/sparklines/today/preOpen_INDIAMARTEQN.jpg
ABFRL,ABFRLEQN, RIGHTS 9:77 PARTLY PAID @ PREMIUM RS 100/-,271.8,-2.5,-0.911410864017499,274.3,2691,731413.8,92591058842.57,318.7,161.0,271.8,https://static.nseindia.com/sparklines/today/preOpen_ABFRLEQN.jpg
NAVINFLUOR,NAVINFLUOREQN, INTERIM DIVIDEND - RS 5 PER SHARE,3890.0,-35.80000000000018,-0.91191604259005,3925.8,290,1128100.0,136077596921.7,4329.0,2389.45,3890.0,https://static.nseindia.com/sparklines/today/preOpen_NAVINFLUOREQN.jpg
SBICARD,SBICARDEQN, INTERIM DIVIDEND - RE 1 PER SHARE,824.0,-7.7000000000000455,-0.9258145966093598,831.7,1214,1000336.0,219622686608.16,1165.0,781.2,824.0,https://static.nseindia.com/sparklines/today/preOpen_SBICARDEQN.jpg
NBCC,NBCCEQN, DIVIDEND - RS 0.47 PER SHARE,41.6,-0.3999999999999986,-0.952380952380949,42.0,26302,1094163.2,28728000000.0,59.8,32.15,41.6,https://static.nseindia.com/sparklines/today/preOpen_NBCCEQN.jpg
INTELLECT,INTELLECTEQN, ANNUAL GENERAL MEETING,666.0,-6.600000000000023,-0.9812667261373806,672.6,217,144522.0,57831639988.22,892.0,421.45,666.0,https://static.nseindia.com/sparklines/today/preOpen_INTELLECTEQN.jpg
APOLLOTYRE,APOLLOTYREEQN, ANNUAL GENERAL MEETING/DIVIDEND - RS 3.50 PER SHARE,211.6,-2.0999999999999943,-0.9826860084230202,213.7,2974,629298.4,71932168244.91,261.25,197.8,211.6,https://static.nseindia.com/sparklines/today/preOpen_APOLLOTYREEQN.jpg
OBEROIRLTY,OBEROIRLTYEQN, ANNUAL GENERAL MEETING/DIVIDEND - RS 2 PER SHARE,889.0,-8.950000000000045,-0.9967147391280188,897.95,420,373380.0,104478921188.53,1051.9,515.1,889.0,https://static.nseindia.com/sparklines/today/preOpen_OBEROIRLTYEQN.jpg
DELTACORP,DELTACORPEQN, ANNUAL GENERAL MEETING,272.7,-2.75,-0.9983663096750772,275.45,6950,1895265.0,49270585776.29,308.5,142.2,272.7,https://static.nseindia.com/sparklines/today/preOpen_DELTACORPEQN.jpg
WIPRO,WIPROEQN,INTERIM DIVIDEND - RE 1 PER SHARE,559.0,-5.899999999999977,-1.04443264294565,564.9,35480,19833320.0,836021759191.35,739.85,397.75,559.0,https://static.nseindia.com/sparklines/today/preOpen_WIPROEQN.jpg
SRF,SRFEQN,INTERIM DIVIDEND - RS 4.75 PER SHARE,2406.5,-26.300000000000182,-1.0810588622163835,2432.8,739,1778403.5,353355204113.8,2680.0,1026.21,2406.5,https://static.nseindia.com/sparklines/today/preOpen_SRFEQN.jpg
POLYCAB,POLYCABEQN, ANNUAL GENERAL MEETING/DIVIDEND - RS 10 PER SHARE,2363.2,-25.950000000000273,-1.0861603499152532,2389.15,349,824756.8,99935502004.53,2771.75,1126.1,2363.2,https://static.nseindia.com/sparklines/today/preOpen_POLYCABEQN.jpg
PERSISTENT,PERSISTENTEQN,INTERIM DIVIDEND - RS 20 PER SHARE,3870.0,-43.09999999999991,-1.1014285349211599,3913.1,429,1660230.0,194388133875.0,4987.5,1595.0,3870.0,https://static.nseindia.com/sparklines/today/preOpen_PERSISTENTEQN.jpg
ASTRAL,ASTRALEQN, INTERIM DIVIDEND - RS 1.25 PER SHARE,1855.3,-21.299999999999955,-1.1350314398380026,1876.6,1680,3116904.0,165900597132.42,2630.0,1411.2,1855.3,https://static.nseindia.com/sparklines/today/preOpen_ASTRALEQN.jpg
CROMPTON,CROMPTONEQN, ANNUAL GENERAL MEETING/DIVIDEND - RS 2.50 PER SHARE,390.3,-4.649999999999977,-1.177364223319402,394.95,430,167829.0,233161485009.24,512.8,350.35,390.3,https://static.nseindia.com/sparklines/today/preOpen_CROMPTONEQN.jpg
COFORGE,COFORGEEQN,INTERIM DIVIDEND - RS 13 PER SHARE,4335.1,-53.5,-1.2190675841954153,4388.6,561,2431991.1,130888586610.49,6135.0,2300.0,4335.1,https://static.nseindia.com/sparklines/today/preOpen_COFORGEEQN.jpg
ASHOKLEY,ASHOKLEYEQN, ANNUAL GENERAL MEETING/DIVIDEND - RS 0.60 PER SHARE,125.25,-1.5499999999999972,-1.2223974763406917,126.8,21605,2706026.25,182390180712.43,153.5,106.2,125.25,https://static.nseindia.com/sparklines/today/preOpen_ASHOKLEYEQN.jpg
MINDTREE,MINDTREEEQN, INTERIM DIVIDEND - RS 10 PER SHARE,3811.05,-48.399999999999636,-1.2540646983378367,3859.45,1604,6112924.2,248062580997.23,5060.0,1550.2,3811.05,https://static.nseindia.com/sparklines/today/preOpen_MINDTREEEQN.jpg
CHAMBLFERT,CHAMBLFERTEQN,INTERIM DIVIDEND - RS 4.50 PER SHARE,388.45,-4.949999999999989,-1.2582613116420918,393.4,3931,1526996.95,65494467590.72,484.95,200.35,388.45,https://static.nseindia.com/sparklines/today/preOpen_CHAMBLFERTEQN.jpg
ABB,ABBEQN, ANNUAL GENERAL MEETING/DIVIDEND - RS 5 PER SHARE,2030.0,-25.90000000000009,-1.259788900238343,2055.9,415,842450.0,108915607040.63,2468.1,1298.55,2030.0,https://static.nseindia.com/sparklines/today/preOpen_ABBEQN.jpg
MANAPPURAM,MANAPPURAMEQN,INT DIVIDEND - RS 0.75 PER SHARE,121.1,-1.5500000000000114,-1.2637586628618112,122.65,26712,3234823.2,66438600647.58,224.5,121.3,121.1,https://static.nseindia.com/sparklines/today/preOpen_MANAPPURAMEQN.jpg
COROMANDEL,COROMANDELEQN,INTERIM DIVIDEND - RS 6 PER SHARE,791.0,-10.149999999999977,-1.266928789864567,801.15,211,166901.0,96405205708.84,956.0,709.35,791.0,https://static.nseindia.com/sparklines/today/preOpen_COROMANDELEQN.jpg
LICHSGFIN,LICHSGFINEQN, ANNUAL GENERAL MEETING/DIVIDEND - RS 8.50 PER SHARE,378.65,-5.0,-1.3032712107389548,383.65,9303,3522580.95,116067418472.5,542.45,329.65,378.65,https://static.nseindia.com/sparklines/today/preOpen_LICHSGFINEQN.jpg
APOLLOHOSP,APOLLOHOSPEQN, ANNUAL GENERAL MEETING/DIVIDEND - RS 3 PER SHARE,4504.0,-60.69999999999982,-1.3297697548579277,4564.7,1152,5188608.0,459433676665.53,5935.4,2787.5,4504.0,https://static.nseindia.com/sparklines/today/preOpen_APOLLOHOSPEQN.jpg
APLLTD,APLLTDEQN, ANNUAL GENERAL MEETING/DIVIDEND - RS 14 PER SHARE,705.0,-9.700000000000045,-1.357212816566398,714.7,2090,1473450.0,43549936064.07,1038.0,711.65,705.0,https://static.nseindia.com/sparklines/today/preOpen_APLLTDEQN.jpg
FEDERALBNK,FEDERALBNKEQN, ANNUAL GENERAL MEETING/DIVIDEND - RS 0.70 PER SHARE,97.0,-1.5,-1.5228426395939088,98.5,50569,4905193.0,196785323987.85,107.65,70.2,97.0,https://static.nseindia.com/sparklines/today/preOpen_FEDERALBNKEQN.jpg
TRENT,TRENTEQN, ANNUAL GENERAL MEETING/DIVIDEND - RE 0.60 PER SHARE,1045.0,-17.799999999999955,-1.674821226947681,1062.8,878,917510.0,238021606337.0,1212.0,689.0,1045.0,https://static.nseindia.com/sparklines/today/preOpen_TRENTEQN.jpg
FSL,FSLEQN,INTERIM DIVIDEND - RS 3.50 PER SHARE,130.5,-2.25,-1.694915254237288,132.75,41465,5411182.5,40711234146.66,242.85,93.4,130.5,https://static.nseindia.com/sparklines/today/preOpen_FSLEQN.jpg
MPHASIS,MPHASISEQN, ANNUAL GENERAL MEETING/DIVIDEND - RS 38 PER SHARE/SPECIAL DIVIDEND - RS 27 PER SHARE,2952.0,-57.55000000000018,-1.9122460168463782,3009.55,989,2919528.0,248250582823.28,3659.75,1575.25,2952.0,https://static.nseindia.com/sparklines/today/preOpen_MPHASISEQN.jpg
AMBUJACEM,AMBUJACEMEQN, DIVIDEND - RE 1 PER SHARE,352.7,-7.100000000000023,-1.973318510283497,359.8,42810,15099087.0,264341006755.85,442.5,263.15,352.7,https://static.nseindia.com/sparklines/today/preOpen_AMBUJACEMEQN.jpg
